tipo_muerte;valor_corregido;celula;tiempo;muestra_junta_corregido;X
necrotic;6,058824;thp1;2;L5;T12
late_apoptotic;0,530435;thp1;2;L5;T12
early_apoptotic;0,018443;thp1;2;L5;T12
viable;0,746556;thp1;2;L5;T12
late_apoptotic;0,425;thp1;2;L5;T12
early_apoptotic;0,013725;thp1;2;L5;T12
viable;0,489529;thp1;2;L5;T12
late_apoptotic;0,619048;thp1;2;L5;T12
early_apoptotic;0,009276;thp1;2;L5;T12
viable;0,313501;thp1;2;L5;T12
necrotic;9,765957;thp1;6;L5;T16
late_apoptotic;0,029412;thp1;6;L5;T16
early_apoptotic;0,015873;thp1;6;L5;T16
viable;0,098888;thp1;6;L5;T16
necrotic;8,266055;thp1;6;L5;T16
late_apoptotic;0,013333;thp1;6;L5;T16
early_apoptotic;0,007634;thp1;6;L5;T16
viable;0,141606;thp1;6;L5;T16
necrotic;11,265306;thp1;6;L5;T16
late_apoptotic;0,071429;thp1;6;L5;T16
early_apoptotic;0,025641;thp1;6;L5;T16
viable;0,114699;thp1;6;L5;T16
necrotic;0,518519;bomac;2;L5;T12
late_apoptotic;0,333333;bomac;2;L5;T12
early_apoptotic;2,857143;bomac;2;L5;T12
viable;1,019715;bomac;2;L5;T12
necrotic;0,366667;bomac;2;L5;T12
late_apoptotic;0,857143;bomac;2;L5;T12
early_apoptotic;1,875;bomac;2;L5;T12
viable;1,01594;bomac;2;L5;T12
necrotic;0,193548;bomac;2;L5;T12
late_apoptotic;0,258065;bomac;2;L5;T12
viable;0,044181;bomac;2;L5;T12
necrotic;1;bomac;6;L5;T16
late_apoptotic;0,333333;bomac;6;L5;T16
early_apoptotic;2,852941;bomac;6;L5;T16
viable;1,007338;bomac;6;L5;T16
late_apoptotic;2;bomac;6;L5;T16
early_apoptotic;2,142857;bomac;6;L5;T16
viable;0,984293;bomac;6;L5;T16
necrotic;1,583333;bomac;6;L5;T16
early_apoptotic;3,5;bomac;6;L5;T16
viable;0,837838;bomac;6;L5;T16
necrotic;4,522727;thp1;2;L5;T22
late_apoptotic;1,292308;thp1;2;L5;T22
early_apoptotic;0,165975;thp1;2;L5;T22
viable;0,952381;thp1;2;L5;T22
necrotic;3,482759;thp1;2;L5;T22
late_apoptotic;1,214286;thp1;2;L5;T22
early_apoptotic;0,218919;thp1;2;L5;T22
viable;0,256972;thp1;2;L5;T22
necrotic;5,797872;thp1;2;L5;T22
late_apoptotic;1,594203;thp1;2;L5;T22
viable;0,692875;thp1;2;L5;T22
necrotic;4,755556;thp1;6;L5;T26
late_apoptotic;0,010135;thp1;6;L5;T26
early_apoptotic;0;thp1;6;L5;T26
viable;0,057143;thp1;6;L5;T26
necrotic;5,224026;thp1;6;L5;T26
late_apoptotic;0,007289;thp1;6;L5;T26
early_apoptotic;0;thp1;6;L5;T26
viable;0,666667;thp1;6;L5;T26
necrotic;4,701897;thp1;6;L5;T26
late_apoptotic;0,001842;thp1;6;L5;T26
early_apoptotic;0;thp1;6;L5;T26
viable;0,014925;thp1;6;L5;T26
necrotic;0,001376;bomac;2;L5;T22
late_apoptotic;0,001376;bomac;2;L5;T22
early_apoptotic;0,195872;bomac;2;L5;T22
viable;0,260092;bomac;2;L5;T22
necrotic;0,000917;bomac;2;L5;T22
late_apoptotic;0,000917;bomac;2;L5;T22
early_apoptotic;0,119725;bomac;2;L5;T22
viable;0,336697;bomac;2;L5;T22
necrotic;0,001835;bomac;2;L5;T22
late_apoptotic;0,001376;bomac;2;L5;T22
early_apoptotic;0,105505;bomac;2;L5;T22
viable;0,350459;bomac;2;L5;T22
late_apoptotic;2,6;bomac;6;L5;T26
early_apoptotic;2,592593;bomac;6;L5;T26
viable;0,908578;bomac;6;L5;T26
late_apoptotic;3,333333;bomac;6;L5;T26
early_apoptotic;2,808917;bomac;6;L5;T26
viable;1,016687;bomac;6;L5;T26
late_apoptotic;3,333333;bomac;6;L5;T26
early_apoptotic;1,696296;bomac;6;L5;T26
viable;0,865967;bomac;6;L5;T26
necrotic;0,095477;bomac;2;bovis;T32
late_apoptotic;0,186528;bomac;2;bovis;T32
early_apoptotic;1,766478;bomac;2;bovis;T32
viable;0,092105;bomac;2;bovis;T32
necrotic;0,107595;bomac;2;bovis;T32
late_apoptotic;0,151899;bomac;2;bovis;T32
early_apoptotic;1,660211;bomac;2;bovis;T32
viable;0,108108;bomac;2;bovis;T32
necrotic;0,065041;bomac;2;bovis;T32
late_apoptotic;0,254717;bomac;2;bovis;T32
early_apoptotic;1,301221;bomac;2;bovis;T32
viable;0,171429;bomac;2;bovis;T32
necrotic;0,100503;bomac;2;bovis;T32
late_apoptotic;0,181347;bomac;2;bovis;T32
early_apoptotic;1,743879;bomac;2;bovis;T32
viable;0,263158;bomac;2;bovis;T32
necrotic;0,06962;bomac;2;bovis;T32
late_apoptotic;0,113924;bomac;2;bovis;T32
early_apoptotic;1,684859;bomac;2;bovis;T32
viable;0,135135;bomac;2;bovis;T32
necrotic;0,121951;bomac;2;bovis;T32
late_apoptotic;0,264151;bomac;2;bovis;T32
early_apoptotic;1,264586;bomac;2;bovis;T32
viable;0,714286;bomac;2;bovis;T32
necrotic;0,060302;bomac;2;L5;T32
late_apoptotic;0,088083;bomac;2;L5;T32
early_apoptotic;1,79661;bomac;2;L5;T32
viable;0,223684;bomac;2;L5;T32
necrotic;0,075949;bomac;2;L5;T32
late_apoptotic;0,063291;bomac;2;L5;T32
early_apoptotic;1,653169;bomac;2;L5;T32
viable;0,945946;bomac;2;L5;T32
necrotic;0,390244;bomac;2;L5;T32
late_apoptotic;0;bomac;2;L5;T32
early_apoptotic;0,001357;bomac;2;L5;T32
necrotic;0,015075;bomac;2;L5;T32
late_apoptotic;0,119171;bomac;2;L5;T32
early_apoptotic;1,830508;bomac;2;L5;T32
viable;0,026316;bomac;2;L5;T32
necrotic;0,063291;bomac;2;L5;T32
late_apoptotic;0,075949;bomac;2;L5;T32
early_apoptotic;1,658451;bomac;2;L5;T32
viable;0,810811;bomac;2;L5;T32
necrotic;0,04065;bomac;2;L5;T32
late_apoptotic;0,216981;bomac;2;L5;T32
early_apoptotic;1,313433;bomac;2;L5;T32
viable;0,085714;bomac;2;L5;T32
necrotic;3,580723;bomac;6;bovis;T36
late_apoptotic;2,74359;bomac;6;bovis;T36
early_apoptotic;4,658385;bomac;6;bovis;T36
necrotic;2,970699;bomac;6;bovis;T36
late_apoptotic;1,833333;bomac;6;bovis;T36
early_apoptotic;4,415663;bomac;6;bovis;T36
necrotic;1,341873;bomac;6;bovis;T36
late_apoptotic;0,764045;bomac;6;bovis;T36
early_apoptotic;4,430168;bomac;6;bovis;T36
necrotic;4,182062;bomac;6;bovis;T36
late_apoptotic;1,153846;bomac;6;bovis;T36
early_apoptotic;4,658385;bomac;6;bovis;T36
viable;1,714286;bomac;6;bovis;T36
necrotic;1,419624;bomac;6;bovis;T36
late_apoptotic;1,511905;bomac;6;bovis;T36
early_apoptotic;4,783133;bomac;6;bovis;T36
necrotic;3,275482;bomac;6;bovis;T36
late_apoptotic;1,11236;bomac;6;bovis;T36
early_apoptotic;3,642458;bomac;6;bovis;T36
necrotic;0,200803;bomac;6;L5;T36
late_apoptotic;1,730769;bomac;6;L5;T36
early_apoptotic;2,944099;bomac;6;L5;T36
necrotic;0,240591;bomac;6;L5;T36
late_apoptotic;1,440476;bomac;6;L5;T36
early_apoptotic;3,716867;bomac;6;L5;T36
necrotic;0,144628;bomac;6;L5;T36
late_apoptotic;1,168539;bomac;6;L5;T36
early_apoptotic;3,251397;bomac;6;L5;T36
necrotic;0,378849;bomac;6;L5;T36
late_apoptotic;1,858974;bomac;6;L5;T36
early_apoptotic;3,186335;bomac;6;L5;T36
necrotic;0,245968;bomac;6;L5;T36
late_apoptotic;1,22619;bomac;6;L5;T36
early_apoptotic;2,96988;bomac;6;L5;T36
necrotic;0,179063;bomac;6;L5;T36
late_apoptotic;1,146067;bomac;6;L5;T36
early_apoptotic;2,055866;bomac;6;L5;T36
necrotic;0,296296;bomac;2;chimp;T12
late_apoptotic;0,775862;bomac;2;chimp;T12
early_apoptotic;1,048753;bomac;2;chimp;T12
viable;0,666667;bomac;2;chimp;T12
necrotic;0,222222;bomac;2;chimp;T12
late_apoptotic;0,319018;bomac;2;chimp;T12
early_apoptotic;1,189364;bomac;2;chimp;T12
viable;1,05;bomac;2;chimp;T12
necrotic;0,230769;bomac;2;chimp;T12
late_apoptotic;0,84058;bomac;2;chimp;T12
early_apoptotic;1,03211;bomac;2;chimp;T12
viable;1,090909;bomac;2;chimp;T12
necrotic;0;bomac;2;L6;T12
late_apoptotic;0,034483;bomac;2;L6;T12
early_apoptotic;1,095238;bomac;2;L6;T12
viable;0,969697;bomac;2;L6;T12
necrotic;0,155556;bomac;2;L6;T12
late_apoptotic;0,092025;bomac;2;L6;T12
early_apoptotic;1,226978;bomac;2;L6;T12
viable;1,6;bomac;2;L6;T12
necrotic;0,384615;bomac;2;L6;T12
late_apoptotic;0,753623;bomac;2;L6;T12
early_apoptotic;1,041284;bomac;2;L6;T12
viable;0,909091;bomac;2;L6;T12
necrotic;2,854227;bomac;6;chimp;T16
late_apoptotic;0,004545;bomac;6;chimp;T16
early_apoptotic;0,006993;bomac;6;chimp;T16
viable;2,25;bomac;6;chimp;T16
necrotic;1,048276;bomac;6;chimp;T16
late_apoptotic;1,305085;bomac;6;chimp;T16
early_apoptotic;0,988204;bomac;6;chimp;T16
viable;0,515152;bomac;6;chimp;T16
necrotic;0,550661;bomac;6;chimp;T16
late_apoptotic;0,756303;bomac;6;chimp;T16
early_apoptotic;1,25938;bomac;6;chimp;T16
viable;0,317073;bomac;6;chimp;T16
necrotic;0,819242;bomac;6;L6;T16
late_apoptotic;0,959091;bomac;6;L6;T16
early_apoptotic;0,216783;bomac;6;L6;T16
necrotic;0,958621;bomac;6;L6;T16
late_apoptotic;0,983051;bomac;6;L6;T16
early_apoptotic;1,034076;bomac;6;L6;T16
viable;0,393939;bomac;6;L6;T16
necrotic;0,026432;bomac;6;L6;T16
late_apoptotic;0,176471;bomac;6;L6;T16
early_apoptotic;1,541599;bomac;6;L6;T16
viable;0,682927;bomac;6;L6;T16
necrotic;0,625;bomac;2;chimp;T22
late_apoptotic;1;bomac;2;chimp;T22
early_apoptotic;1,038085;bomac;2;chimp;T22
viable;0,438596;bomac;2;chimp;T22
necrotic;0,941176;bomac;2;chimp;T22
early_apoptotic;0,582293;bomac;2;chimp;T22
viable;0,421053;bomac;2;chimp;T22
necrotic;0,071429;bomac;2;chimp;T22
late_apoptotic;0,378378;bomac;2;chimp;T22
early_apoptotic;1,089989;bomac;2;chimp;T22
viable;0,4375;bomac;2;chimp;T22
early_apoptotic;0,730141;bomac;2;L6;T22
viable;0,526316;bomac;2;L6;T22
early_apoptotic;0,551646;bomac;2;L6;T22
viable;0,578947;bomac;2;L6;T22
necrotic;0,190476;bomac;2;L6;T22
early_apoptotic;1,001125;bomac;2;L6;T22
viable;0,6875;bomac;2;L6;T22
necrotic;0,125313;bomac;6;chimp;T26
late_apoptotic;0,254167;bomac;6;chimp;T26
early_apoptotic;2,81457;bomac;6;chimp;T26
viable;0,661017;bomac;6;chimp;T26
necrotic;0,142012;bomac;6;chimp;T26
late_apoptotic;0,208633;bomac;6;chimp;T26
early_apoptotic;2,671687;bomac;6;chimp;T26
viable;0,153846;bomac;6;chimp;T26
necrotic;0,231405;bomac;6;chimp;T26
late_apoptotic;0,306667;bomac;6;chimp;T26
early_apoptotic;1,778723;bomac;6;chimp;T26
viable;0,645161;bomac;6;chimp;T26
necrotic;0,20802;bomac;6;L6;T26
late_apoptotic;0,5;bomac;6;L6;T26
early_apoptotic;2,596026;bomac;6;L6;T26
viable;0,220339;bomac;6;L6;T26
necrotic;0,127219;bomac;6;L6;T26
late_apoptotic;0,165468;bomac;6;L6;T26
early_apoptotic;2,506024;bomac;6;L6;T26
viable;1,519231;bomac;6;L6;T26
necrotic;0,27686;bomac;6;L6;T26
late_apoptotic;0,253333;bomac;6;L6;T26
early_apoptotic;1,597872;bomac;6;L6;T26
viable;2,016129;bomac;6;L6;T26
necrotic;0,25;bomac;2;chimp;T32
late_apoptotic;0,119469;bomac;2;chimp;T32
early_apoptotic;1,232733;bomac;2;chimp;T32
viable;2,673077;bomac;2;chimp;T32
necrotic;0,056818;bomac;2;chimp;T32
late_apoptotic;0,077778;bomac;2;chimp;T32
early_apoptotic;1,363803;bomac;2;chimp;T32
viable;2,371134;bomac;2;chimp;T32
necrotic;0,0625;bomac;2;chimp;T32
late_apoptotic;0,068966;bomac;2;chimp;T32
early_apoptotic;1,188119;bomac;2;chimp;T32
viable;4,3;bomac;2;chimp;T32
necrotic;0,107143;bomac;2;L6;T32
late_apoptotic;0,066372;bomac;2;L6;T32
early_apoptotic;1,283784;bomac;2;L6;T32
viable;2,384615;bomac;2;L6;T32
necrotic;0,028409;bomac;2;L6;T32
late_apoptotic;0,066667;bomac;2;L6;T32
early_apoptotic;1,367459;bomac;2;L6;T32
viable;2,412371;bomac;2;L6;T32
necrotic;0,03125;bomac;2;L6;T32
late_apoptotic;0,068966;bomac;2;L6;T32
early_apoptotic;1,39934;bomac;2;L6;T32
viable;2,25;bomac;2;L6;T32
necrotic;0,086957;bomac;6;chimp;T36
late_apoptotic;0,522727;bomac;6;chimp;T36
early_apoptotic;1,139089;bomac;6;chimp;T36
viable;0,384615;bomac;6;chimp;T36
necrotic;1,8;bomac;6;chimp;T36
late_apoptotic;1,869565;bomac;6;chimp;T36
early_apoptotic;1,083123;bomac;6;chimp;T36
viable;0,281046;bomac;6;chimp;T36
necrotic;0,351145;bomac;6;chimp;T36
late_apoptotic;0,802083;bomac;6;chimp;T36
early_apoptotic;1,305344;bomac;6;chimp;T36
viable;0,186441;bomac;6;chimp;T36
necrotic;0,84058;bomac;6;L6;T36
late_apoptotic;1,931818;bomac;6;L6;T36
early_apoptotic;0,888489;bomac;6;L6;T36
viable;2,230769;bomac;6;L6;T36
necrotic;1,533333;bomac;6;L6;T36
late_apoptotic;3,26087;bomac;6;L6;T36
early_apoptotic;1,007557;bomac;6;L6;T36
viable;0,509804;bomac;6;L6;T36
necrotic;0,496183;bomac;6;L6;T36
late_apoptotic;1,177083;bomac;6;L6;T36
early_apoptotic;1,218321;bomac;6;L6;T36
viable;0,20339;bomac;6;L6;T36
late_apoptotic;1,212625;bomac;2;L6;T42
early_apoptotic;0,133903;bomac;2;L6;T42
viable;0,555556;bomac;2;L6;T42
late_apoptotic;1,41784;bomac;2;L6;T42
early_apoptotic;0,215686;bomac;2;L6;T42
viable;0,3;bomac;2;L6;T42
necrotic;0,333333;bomac;2;L6;T42
late_apoptotic;1,11958;bomac;2;L6;T42
early_apoptotic;0,673469;bomac;2;L6;T42
viable;0,612903;bomac;2;L6;T42
late_apoptotic;1,158771;bomac;2;L6;T42
early_apoptotic;0,287425;bomac;2;L6;T42
viable;0,4;bomac;2;L6;T42
late_apoptotic;0,792574;bomac;2;L6;T42
early_apoptotic;1,778443;bomac;2;L6;T42
viable;1,466667;bomac;2;L6;T42
necrotic;0,5;bomac;2;chimp;T42
late_apoptotic;0,981728;bomac;2;chimp;T42
early_apoptotic;1,133903;bomac;2;chimp;T42
viable;0,222222;bomac;2;chimp;T42
necrotic;0;bomac;2;chimp;T42
late_apoptotic;0,586854;bomac;2;chimp;T42
early_apoptotic;2,006536;bomac;2;chimp;T42
viable;0,2;bomac;2;chimp;T42
necrotic;0,133333;bomac;2;chimp;T42
late_apoptotic;0,695138;bomac;2;chimp;T42
early_apoptotic;2,986395;bomac;2;chimp;T42
viable;0,467742;bomac;2;chimp;T42
necrotic;0,25;bomac;2;chimp;T42
late_apoptotic;0,71959;bomac;2;chimp;T42
early_apoptotic;2,51497;bomac;2;chimp;T42
viable;0,333333;bomac;2;chimp;T42
necrotic;0,125;bomac;2;chimp;T42
late_apoptotic;0,722151;bomac;2;chimp;T42
early_apoptotic;2,51497;bomac;2;chimp;T42
viable;0,333333;bomac;2;chimp;T42
late_apoptotic;0,848684;bomac;6;L6;T46
early_apoptotic;1,166667;bomac;6;L6;T46
viable;0,231481;bomac;6;L6;T46
late_apoptotic;0,691304;bomac;6;L6;T46
early_apoptotic;1,098131;bomac;6;L6;T46
viable;0,349206;bomac;6;L6;T46
necrotic;0,838384;bomac;6;L6;T46
late_apoptotic;0,34292;bomac;6;L6;T46
early_apoptotic;2,335484;bomac;6;L6;T46
viable;0,273381;bomac;6;L6;T46
necrotic;0,083333;bomac;6;L6;T46
late_apoptotic;0,06518;bomac;6;L6;T46
early_apoptotic;2,726073;bomac;6;L6;T46
viable;1,488889;bomac;6;L6;T46
necrotic;0;bomac;6;L6;T46
late_apoptotic;2,5;bomac;6;L6;T46
early_apoptotic;0,833333;bomac;6;L6;T46
viable;0,844595;bomac;6;L6;T46
late_apoptotic;0,005146;bomac;6;L6;T46
early_apoptotic;0,036304;bomac;6;L6;T46
viable;1,7;bomac;6;L6;T46
late_apoptotic;1,072368;bomac;6;chimp;T46
early_apoptotic;1,155556;bomac;6;chimp;T46
viable;0,226852;bomac;6;chimp;T46
late_apoptotic;0,578261;bomac;6;chimp;T46
early_apoptotic;1,191589;bomac;6;chimp;T46
viable;0,452381;bomac;6;chimp;T46
necrotic;0,585859;bomac;6;chimp;T46
late_apoptotic;0,287611;bomac;6;chimp;T46
early_apoptotic;2,374194;bomac;6;chimp;T46
viable;0,546763;bomac;6;chimp;T46
necrotic;1,958333;bomac;6;chimp;T46
late_apoptotic;0,298456;bomac;6;chimp;T46
early_apoptotic;2,409241;bomac;6;chimp;T46
viable;0,544444;bomac;6;chimp;T46
necrotic;0;bomac;6;chimp;T46
late_apoptotic;3,375;bomac;6;chimp;T46
early_apoptotic;0,896766;bomac;6;chimp;T46
viable;0,310811;bomac;6;chimp;T46
late_apoptotic;0,621739;bomac;6;chimp;T46
early_apoptotic;1,208723;bomac;6;chimp;T46
viable;0,301587;bomac;6;chimp;T46
necrotic;0,083333;thp1;2;L6;T42
late_apoptotic;0,658986;thp1;2;L6;T42
early_apoptotic;1,159401;thp1;2;L6;T42
viable;0,230769;thp1;2;L6;T42
necrotic;0,6875;thp1;2;L6;T42
late_apoptotic;0,520408;thp1;2;L6;T42
early_apoptotic;1,244012;thp1;2;L6;T42
viable;0,26087;thp1;2;L6;T42
necrotic;0,186047;thp1;2;L6;T42
late_apoptotic;0,347432;thp1;2;L6;T42
early_apoptotic;1,460637;thp1;2;L6;T42
viable;0,172414;thp1;2;L6;T42
necrotic;0,041667;thp1;2;L6;T42
late_apoptotic;1,087912;thp1;2;L6;T42
early_apoptotic;1,02574;thp1;2;L6;T42
viable;0,25;thp1;2;L6;T42
necrotic;0,095238;thp1;2;L6;T42
late_apoptotic;0,489097;thp1;2;L6;T42
early_apoptotic;1,315047;thp1;2;L6;T42
viable;0,1;thp1;2;L6;T42
necrotic;0,125;thp1;2;L6;T42
late_apoptotic;0,431973;thp1;2;L6;T42
early_apoptotic;1,300898;thp1;2;L6;T42
viable;0,086957;thp1;2;L6;T42
necrotic;0,055556;thp1;2;chimp;T42
late_apoptotic;0,774194;thp1;2;chimp;T42
early_apoptotic;1,115804;thp1;2;chimp;T42
viable;0,846154;thp1;2;chimp;T42
necrotic;0,25;thp1;2;chimp;T42
late_apoptotic;0,404762;thp1;2;chimp;T42
early_apoptotic;1,305389;thp1;2;chimp;T42
viable;0,217391;thp1;2;chimp;T42
necrotic;0,046512;thp1;2;chimp;T42
late_apoptotic;0,58006;thp1;2;chimp;T42
early_apoptotic;1,340034;thp1;2;chimp;T42
viable;0,206897;thp1;2;chimp;T42
necrotic;0,041667;thp1;2;chimp;T42
late_apoptotic;1,510989;thp1;2;chimp;T42
early_apoptotic;0,92278;thp1;2;chimp;T42
viable;0,4375;thp1;2;chimp;T42
necrotic;0,190476;thp1;2;chimp;T42
late_apoptotic;0,666667;thp1;2;chimp;T42
early_apoptotic;1,377743;thp1;2;chimp;T42
viable;0,35;thp1;2;chimp;T42
necrotic;0,093023;thp1;2;chimp;T42
late_apoptotic;0,332326;thp1;2;chimp;T42
early_apoptotic;1,286432;thp1;2;chimp;T42
viable;0,482759;thp1;2;chimp;T42
necrotic;0,083333;thp1;6;L6;T46
late_apoptotic;0,658986;thp1;6;L6;T46
early_apoptotic;1,159401;thp1;6;L6;T46
viable;0,230769;thp1;6;L6;T46
necrotic;0,6875;thp1;6;L6;T46
late_apoptotic;0,520408;thp1;6;L6;T46
early_apoptotic;1,244012;thp1;6;L6;T46
viable;0,26087;thp1;6;L6;T46
necrotic;0,186047;thp1;6;L6;T46
late_apoptotic;0,347432;thp1;6;L6;T46
early_apoptotic;1,460637;thp1;6;L6;T46
viable;0,172414;thp1;6;L6;T46
necrotic;0,041667;thp1;6;L6;T46
late_apoptotic;1,087912;thp1;6;L6;T46
early_apoptotic;1,02574;thp1;6;L6;T46
viable;0,25;thp1;6;L6;T46
necrotic;0,095238;thp1;6;L6;T46
late_apoptotic;0,489097;thp1;6;L6;T46
early_apoptotic;1,315047;thp1;6;L6;T46
viable;0,1;thp1;6;L6;T46
necrotic;0,046512;thp1;6;L6;T46
late_apoptotic;0,383686;thp1;6;L6;T46
early_apoptotic;1,455611;thp1;6;L6;T46
viable;0,068966;thp1;6;L6;T46
necrotic;0,055556;thp1;6;chimp;T46
late_apoptotic;0,774194;thp1;6;chimp;T46
early_apoptotic;1,115804;thp1;6;chimp;T46
viable;0,846154;thp1;6;chimp;T46
necrotic;0,25;thp1;6;chimp;T46
late_apoptotic;0,404762;thp1;6;chimp;T46
early_apoptotic;1,305389;thp1;6;chimp;T46
viable;0,217391;thp1;6;chimp;T46
necrotic;0,046512;thp1;6;chimp;T46
late_apoptotic;0,58006;thp1;6;chimp;T46
early_apoptotic;1,340034;thp1;6;chimp;T46
viable;0,206897;thp1;6;chimp;T46
necrotic;0,041667;thp1;6;chimp;T46
late_apoptotic;1,510989;thp1;6;chimp;T46
early_apoptotic;0,92278;thp1;6;chimp;T46
viable;0,4375;thp1;6;chimp;T46
necrotic;0,190476;thp1;6;chimp;T46
late_apoptotic;0,666667;thp1;6;chimp;T46
early_apoptotic;1,377743;thp1;6;chimp;T46
viable;0,35;thp1;6;chimp;T46
necrotic;0,093023;thp1;6;chimp;T46
late_apoptotic;0,332326;thp1;6;chimp;T46
early_apoptotic;1,286432;thp1;6;chimp;T46
viable;0,482759;thp1;6;chimp;T46
necrotic;0,052631579;bomac;2;bovis;T52
late_apoptotic;0,257142857;bomac;2;bovis;T52
early_apoptotic;1,29558011;bomac;2;bovis;T52
viable;0,170212766;bomac;2;bovis;T52
necrotic;0,083333333;bomac;2;bovis;T52
late_apoptotic;0,11369509;bomac;2;bovis;T52
early_apoptotic;1,60988075;bomac;2;bovis;T52
viable;0,785714286;bomac;2;bovis;T52
necrotic;0;bomac;2;bovis;T52
late_apoptotic;0,203883495;bomac;2;bovis;T52
early_apoptotic;1,242463958;bomac;2;bovis;T52
viable;0,611111111;bomac;2;bovis;T52
necrotic;0;bomac;2;bovis;T52
late_apoptotic;0,254901961;bomac;2;bovis;T52
early_apoptotic;1,15030303;bomac;2;bovis;T52
viable;0,75;bomac;2;bovis;T52
necrotic;0,055555556;bomac;2;bovis;T52
late_apoptotic;0,155913978;bomac;2;bovis;T52
early_apoptotic;1,284379172;bomac;2;bovis;T52
viable;0,191489362;bomac;2;bovis;T52
necrotic;0,052631579;bomac;2;bovis;T52
late_apoptotic;0,147619048;bomac;2;bovis;T52
early_apoptotic;1,325966851;bomac;2;bovis;T52
viable;0,170212766;bomac;2;bovis;T52
necrotic;3,925;bomac;6;bovis;T56
late_apoptotic;2,040322581;bomac;6;bovis;T56
early_apoptotic;2,3125;bomac;6;bovis;T56
viable;1,058103976;bomac;6;bovis;T56
necrotic;1,36363636;bomac;6;bovis;T56
late_apoptotic;2,485148515;bomac;6;bovis;T56
early_apoptotic;3,190140845;bomac;6;bovis;T56
viable;0,803664921;bomac;6;bovis;T56
necrotic;1,36111111;bomac;6;bovis;T56
late_apoptotic;3,971830986;bomac;6;bovis;T56
early_apoptotic;1,106598985;bomac;6;bovis;T56
viable;0,836111111;bomac;6;bovis;T56
necrotic;2,64516129;bomac;6;bovis;T56
late_apoptotic;2,353383459;bomac;6;bovis;T56
early_apoptotic;1,165289256;bomac;6;bovis;T56
viable;0,436781609;bomac;6;bovis;T56
necrotic;1,83333333;bomac;6;bovis;T56
late_apoptotic;2,461538462;bomac;6;bovis;T56
early_apoptotic;2,165217391;bomac;6;bovis;T56
viable;0,605326877;bomac;6;bovis;T56
necrotic;4,945454545;bomac;6;bovis;T56
late_apoptotic;0,490118577;bomac;6;bovis;T56
early_apoptotic;3,2;bomac;6;bovis;T56
viable;0,485884101;bomac;6;bovis;T56
necrotic;0,1;thp1;2;bovis;T52
late_apoptotic;0,047619048;thp1;2;bovis;T52
early_apoptotic;1,239490446;thp1;2;bovis;T52
viable;0,833333333;thp1;2;bovis;T52
necrotic;0,047058824;thp1;2;bovis;T52
late_apoptotic;0,011363636;thp1;2;bovis;T52
early_apoptotic;2,126361656;thp1;2;bovis;T52
viable;0,9375;thp1;2;bovis;T52
necrotic;0,094339623;thp1;2;bovis;T52
late_apoptotic;0,033783784;thp1;2;bovis;T52
early_apoptotic;1,522012579;thp1;2;bovis;T52
viable;1,285714286;thp1;2;bovis;T52
necrotic;0,046666667;thp1;2;bovis;T52
late_apoptotic;0,012173913;thp1;2;bovis;T52
early_apoptotic;4,008333333;thp1;2;bovis;T52
viable;0,638888889;thp1;2;bovis;T52
necrotic;0,053763441;thp1;2;bovis;T52
late_apoptotic;0,023648649;thp1;2;bovis;T52
early_apoptotic;1,902584493;thp1;2;bovis;T52
viable;0,289719626;thp1;2;bovis;T52
necrotic;0,015503876;thp1;2;bovis;T52
late_apoptotic;0,024719101;thp1;2;bovis;T52
early_apoptotic;2,765536723;thp1;2;bovis;T52
viable;0,112676056;thp1;2;bovis;T52
necrotic;0,014705882;thp1;2;bovis;T52
late_apoptotic;0,007263923;thp1;2;bovis;T52
early_apoptotic;2,455;thp1;2;bovis;T52
viable;0,235294118;thp1;2;bovis;T52
necrotic;0,064102564;thp1;2;bovis;T52
late_apoptotic;0,020338983;thp1;2;bovis;T52
early_apoptotic;1,704028021;thp1;2;bovis;T52
viable;0,280701754;thp1;2;bovis;T52
necrotic;0,8;thp1;2;bovis;T52
late_apoptotic;0,714285714;thp1;2;bovis;T52
early_apoptotic;1,008221994;thp1;2;bovis;T52
viable;0,666666667;thp1;2;bovis;T52
necrotic;1,399568035;thp1;6;bovis;T56
late_apoptotic;0,467980296;thp1;6;bovis;T56
early_apoptotic;0,183673469;thp1;6;bovis;T56
viable;5,205128205;thp1;6;bovis;T56
necrotic;0,889552239;thp1;6;bovis;T56
late_apoptotic;0,605504587;thp1;6;bovis;T56
early_apoptotic;0,089430894;thp1;6;bovis;T56
viable;3,346938776;thp1;6;bovis;T56
necrotic;1,730952381;thp1;6;bovis;T56
late_apoptotic;0,213740458;thp1;6;bovis;T56
early_apoptotic;0,015463918;thp1;6;bovis;T56
viable;3,85483871;thp1;6;bovis;T56
necrotic;1,026022305;thp1;6;bovis;T56
late_apoptotic;1,524475524;thp1;6;bovis;T56
early_apoptotic;0,102739726;thp1;6;bovis;T56
viable;7,142857143;thp1;6;bovis;T56
necrotic;1,4348659;thp1;6;bovis;T56
late_apoptotic;0,407692308;thp1;6;bovis;T56
early_apoptotic;0,031347962;thp1;6;bovis;T56
viable;6,482758621;thp1;6;bovis;T56
necrotic;0,69027611;thp1;6;bovis;T56
late_apoptotic;1,707865169;thp1;6;bovis;T56
early_apoptotic;0,367647059;thp1;6;bovis;T56
viable;22,45454545;thp1;6;bovis;T56
necrotic;1,142465753;thp1;6;bovis;T56
late_apoptotic;1,467391304;thp1;6;bovis;T56
early_apoptotic;0,295121951;thp1;6;bovis;T56
viable;4,8;thp1;6;bovis;T56
necrotic;0,975409836;thp1;6;bovis;T56
late_apoptotic;0,173913043;thp1;6;bovis;T56
early_apoptotic;0,028571429;thp1;6;bovis;T56
viable;6,662921348;thp1;6;bovis;T56
necrotic;1,03887689;thp1;6;bovis;T56
late_apoptotic;0,862068966;thp1;6;bovis;T56
early_apoptotic;0,306122449;thp1;6;bovis;T56
viable;6,538461538;thp1;6;bovis;T56
